mine_id,mine_name,date,produced_t,dispatched_t
1,Kusunda OCP,2026-06-01,4230.24,3886.34
1,Kusunda OCP,2026-06-02,4488.94,4196.28
1,Kusunda OCP,2026-06-03,4088.2,3589.57
1,Kusunda OCP,2026-06-04,4201.98,3830.02
1,Kusunda OCP,2026-06-05,4038.14,3669.15
1,Kusunda OCP,2026-06-06,3763.31,3509.52
1,Kusunda OCP,2026-06-07,3837.52,3598.02
1,Kusunda OCP,2026-06-08,4575.14,4336.37
1,Kusunda OCP,2026-06-09,4415.48,3963.75
1,Kusunda OCP,2026-06-10,4191.73,3792.35
1,Kusunda OCP,2026-06-11,4359.33,4047.68
1,Kusunda OCP,2026-06-12,4425.09,3941.1
1,Kusunda OCP,2026-06-13,4008.82,3804.74
1,Kusunda OCP,2026-06-14,3894.63,3495.18
1,Kusunda OCP,2026-06-15,4538.81,4292.51
1,Kusunda OCP,2026-06-16,3559.2,3326.67
1,Kusunda OCP,2026-06-17,4364.36,4071.03
1,Kusunda OCP,2026-06-18,4254.1,4006.44
1,Kusunda OCP,2026-06-19,4504.23,4169.91
1,Kusunda OCP,2026-06-20,4375.94,4060.03
1,Kusunda OCP,2026-06-21,4357.31,4011.45
1,Kusunda OCP,2026-06-22,3921.58,3584.27
1,Kusunda OCP,2026-06-23,4437.45,4021.94
1,Kusunda OCP,2026-06-24,4324.83,4121.36
1,Kusunda OCP,2026-06-25,3956.6,3700.12
1,Kusunda OCP,2026-06-26,4256.84,3969.06
1,Kusunda OCP,2026-06-27,3862.88,3675.85
1,Kusunda OCP,2026-06-28,3570.44,3558.5
1,Kusunda OCP,2026-06-29,4160.47,3628.44
1,Kusunda OCP,2026-06-30,4739.03,4536.86
1,Kusunda OCP,2026-07-01,4244.97,4091.43
1,Kusunda OCP,2026-07-02,3806.37,3626.11
1,Kusunda OCP,2026-07-03,4132.35,3850.6
1,Kusunda OCP,2026-07-04,4275.81,3909.49
1,Kusunda OCP,2026-07-05,4098.94,3795.32
1,Kusunda OCP,2026-07-06,3871.86,3706.31
1,Kusunda OCP,2026-07-07,3750.31,3385.38
1,Kusunda OCP,2026-07-08,4098.63,3985.74
1,Kusunda OCP,2026-07-09,4181.07,4005.96
1,Kusunda OCP,2026-07-10,4698.11,4456.0
1,Kusunda OCP,2026-07-11,4404.45,3995.56
1,Kusunda OCP,2026-07-12,3913.52,3605.92
1,Kusunda OCP,2026-07-13,4366.04,4054.49
1,Kusunda OCP,2026-07-14,4308.33,4141.29
1,Kusunda OCP,2026-07-15,4366.21,4114.83
1,Kusunda OCP,2026-07-16,4304.84,3912.84
1,Kusunda OCP,2026-07-17,4400.64,4065.77
1,Kusunda OCP,2026-07-18,4392.64,4023.8
1,Kusunda OCP,2026-07-19,4648.65,4352.06
1,Kusunda OCP,2026-07-20,4249.19,3855.98
1,Kusunda OCP,2026-07-21,4052.88,3886.41
1,Kusunda OCP,2026-07-22,4347.97,4068.57
1,Kusunda OCP,2026-07-23,3837.74,3487.69
1,Kusunda OCP,2026-07-24,4629.34,4492.31
1,Kusunda OCP,2026-07-25,4506.7,4460.4
1,Kusunda OCP,2026-07-26,4079.91,3595.86
1,Kusunda OCP,2026-07-27,4101.5,3792.51
1,Kusunda OCP,2026-07-28,4428.86,4300.51
1,Kusunda OCP,2026-07-29,4221.63,3915.21
1,Kusunda OCP,2026-07-30,4758.7,4582.27
1,Kusunda OCP,2026-07-31,4085.54,3878.37
1,Kusunda OCP,2026-08-01,3889.68,3476.94
1,Kusunda OCP,2026-08-02,4208.0,3963.55
1,Kusunda OCP,2026-08-03,4044.65,3800.97
1,Kusunda OCP,2026-08-04,4057.86,3884.3
1,Kusunda OCP,2026-08-05,4122.38,3858.3
1,Kusunda OCP,2026-08-06,3972.66,3657.16
1,Kusunda OCP,2026-08-07,4271.97,4027.63
1,Kusunda OCP,2026-08-08,4156.76,3640.9
1,Kusunda OCP,2026-08-09,4836.13,4641.54
1,Kusunda OCP,2026-08-10,3925.67,3731.61
1,Kusunda OCP,2026-08-11,4517.12,4256.97
1,Kusunda OCP,2026-08-12,4271.9,3772.21
1,Kusunda OCP,2026-08-13,4196.86,3826.24
1,Kusunda OCP,2026-08-14,4356.13,4114.95
1,Kusunda OCP,2026-08-15,4517.75,4302.72
1,Kusunda OCP,2026-08-16,4601.96,4360.71
1,Kusunda OCP,2026-08-17,4056.61,3865.46
1,Kusunda OCP,2026-08-18,3922.72,3665.4
1,Kusunda OCP,2026-08-19,3470.6,3193.93
1,Kusunda OCP,2026-08-20,4047.61,3668.61
1,Kusunda OCP,2026-08-21,4326.89,4097.66
1,Kusunda OCP,2026-08-22,4062.43,3785.9
1,Kusunda OCP,2026-08-23,4645.79,4428.02
1,Kusunda OCP,2026-08-24,3984.07,3796.93
1,Kusunda OCP,2026-08-25,3755.39,3424.69
1,Kusunda OCP,2026-08-26,4260.87,3832.59
1,Kusunda OCP,2026-08-27,4512.42,3972.71
1,Kusunda OCP,2026-08-28,4177.84,3903.89
1,Kusunda OCP,2026-08-29,3809.93,3440.27
1,Kusunda OCP,2026-08-30,4235.56,3870.43
1,Kusunda OCP,2026-08-31,3858.26,3523.1
1,Kusunda OCP,2026-09-01,4261.56,3947.66
1,Kusunda OCP,2026-09-02,3995.02,3576.09
1,Kusunda OCP,2026-09-03,4815.09,4626.13
1,Kusunda OCP,2026-09-04,4416.13,4403.92
1,Kusunda OCP,2026-09-05,4400.58,4287.6
1,Kusunda OCP,2026-09-06,4042.51,3873.81
1,Kusunda OCP,2026-09-07,4135.32,3751.44
1,Kusunda OCP,2026-09-08,3642.81,3378.75
1,Kusunda OCP,2026-09-09,4045.99,3587.88
1,Kusunda OCP,2026-09-10,4329.53,4147.25
1,Kusunda OCP,2026-09-11,4058.61,3603.0
1,Kusunda OCP,2026-09-12,4414.31,4206.13
1,Kusunda OCP,2026-09-13,4119.88,3843.39
1,Kusunda OCP,2026-09-14,4038.61,3909.63
1,Kusunda OCP,2026-09-15,3996.71,3557.79
1,Kusunda OCP,2026-09-16,4085.66,3795.98
1,Kusunda OCP,2026-09-17,4242.16,3720.34
1,Kusunda OCP,2026-09-18,4202.66,3793.27
1,Kusunda OCP,2026-09-19,4020.55,3746.49
1,Kusunda OCP,2026-09-20,4203.77,3981.18
1,Kusunda OCP,2026-09-21,4138.88,3750.08
2,Bastacolla OCP,2026-06-01,3959.89,3659.88
2,Bastacolla OCP,2026-06-02,4412.62,4195.07
2,Bastacolla OCP,2026-06-03,4528.62,4221.34
2,Bastacolla OCP,2026-06-04,4150.46,4051.28
2,Bastacolla OCP,2026-06-05,4087.92,2043.96
2,Bastacolla OCP,2026-06-06,4723.6,4366.81
2,Bastacolla OCP,2026-06-07,4537.86,4358.78
2,Bastacolla OCP,2026-06-08,4161.95,3739.88
2,Bastacolla OCP,2026-06-09,3933.68,3537.16
2,Bastacolla OCP,2026-06-10,4420.0,4092.52
2,Bastacolla OCP,2026-06-11,4101.39,3900.02
2,Bastacolla OCP,2026-06-12,4732.61,4369.43
2,Bastacolla OCP,2026-06-13,4302.18,4043.47
2,Bastacolla OCP,2026-06-14,4211.36,3894.89
2,Bastacolla OCP,2026-06-15,4319.96,3946.53
2,Bastacolla OCP,2026-06-16,3965.26,3811.92
2,Bastacolla OCP,2026-06-17,4225.28,2112.64
2,Bastacolla OCP,2026-06-18,4102.9,3853.82
2,Bastacolla OCP,2026-06-19,4347.52,3849.26
2,Bastacolla OCP,2026-06-20,3616.62,3089.2
2,Bastacolla OCP,2026-06-21,4130.08,3795.3
2,Bastacolla OCP,2026-06-22,3775.55,3375.86
2,Bastacolla OCP,2026-06-23,4212.44,3918.59
2,Bastacolla OCP,2026-06-24,3618.78,3311.4
2,Bastacolla OCP,2026-06-25,4453.75,4177.38
2,Bastacolla OCP,2026-06-26,4552.26,4138.97
2,Bastacolla OCP,2026-06-27,4007.67,3548.16
2,Bastacolla OCP,2026-06-28,4213.59,2106.79
2,Bastacolla OCP,2026-06-29,4229.69,3922.76
2,Bastacolla OCP,2026-06-30,3410.96,3129.51
2,Bastacolla OCP,2026-07-01,3790.82,3328.18
2,Bastacolla OCP,2026-07-02,4675.82,4290.63
2,Bastacolla OCP,2026-07-03,4128.46,3929.26
2,Bastacolla OCP,2026-07-04,4002.73,3508.46
2,Bastacolla OCP,2026-07-05,3992.34,1996.17
2,Bastacolla OCP,2026-07-06,4509.05,4059.0
2,Bastacolla OCP,2026-07-07,4697.76,4293.93
2,Bastacolla OCP,2026-07-08,4560.46,4255.16
2,Bastacolla OCP,2026-07-09,3577.11,3274.32
2,Bastacolla OCP,2026-07-10,4386.47,4100.0
2,Bastacolla OCP,2026-07-11,4145.75,3942.16
2,Bastacolla OCP,2026-07-12,3899.48,3415.66
2,Bastacolla OCP,2026-07-13,4762.3,4462.57
2,Bastacolla OCP,2026-07-14,4284.46,4082.54
2,Bastacolla OCP,2026-07-15,4392.77,3916.81
2,Bastacolla OCP,2026-07-16,3741.23,3394.84
2,Bastacolla OCP,2026-07-17,4361.71,2180.85
2,Bastacolla OCP,2026-07-18,4692.85,4189.24
2,Bastacolla OCP,2026-07-19,4129.95,3762.64
2,Bastacolla OCP,2026-07-20,4225.27,3988.48
2,Bastacolla OCP,2026-07-21,4281.24,3914.09
2,Bastacolla OCP,2026-07-22,4265.08,4053.2
2,Bastacolla OCP,2026-07-23,4060.93,3806.52
2,Bastacolla OCP,2026-07-24,3947.27,3615.91
2,Bastacolla OCP,2026-07-25,4325.43,3927.48
2,Bastacolla OCP,2026-07-26,3942.71,3700.46
2,Bastacolla OCP,2026-07-27,4666.37,4382.82
2,Bastacolla OCP,2026-07-28,4209.04,2104.52
2,Bastacolla OCP,2026-07-29,4539.91,4122.73
2,Bastacolla OCP,2026-07-30,4533.96,4231.31
2,Bastacolla OCP,2026-07-31,3938.27,3445.75
2,Bastacolla OCP,2026-08-01,4456.89,4202.56
2,Bastacolla OCP,2026-08-02,4627.15,4380.71
2,Bastacolla OCP,2026-08-03,4623.21,4175.38
2,Bastacolla OCP,2026-08-04,3923.56,3565.38
2,Bastacolla OCP,2026-08-05,4434.66,2217.33
2,Bastacolla OCP,2026-08-06,3977.31,3534.06
2,Bastacolla OCP,2026-08-07,4205.2,4029.34
2,Bastacolla OCP,2026-08-08,4164.0,3863.76
2,Bastacolla OCP,2026-08-09,3882.33,3551.12
2,Bastacolla OCP,2026-08-10,4487.34,4163.52
2,Bastacolla OCP,2026-08-11,4037.45,3752.29
2,Bastacolla OCP,2026-08-12,4198.64,3876.9
2,Bastacolla OCP,2026-08-13,4532.95,4205.76
2,Bastacolla OCP,2026-08-14,3779.19,3535.42
2,Bastacolla OCP,2026-08-15,4249.81,3837.39
2,Bastacolla OCP,2026-08-16,4589.35,4111.89
2,Bastacolla OCP,2026-08-17,4239.18,2119.59
2,Bastacolla OCP,2026-08-18,3763.66,3420.67
2,Bastacolla OCP,2026-08-19,3877.42,3583.67
2,Bastacolla OCP,2026-08-20,5108.95,4778.6
2,Bastacolla OCP,2026-08-21,3940.86,3600.08
2,Bastacolla OCP,2026-08-22,4044.88,3840.95
2,Bastacolla OCP,2026-08-23,4830.94,4424.26
2,Bastacolla OCP,2026-08-24,4303.66,4042.84
2,Bastacolla OCP,2026-08-25,4106.76,3652.51
2,Bastacolla OCP,2026-08-26,4291.97,4283.69
2,Bastacolla OCP,2026-08-27,4926.28,4607.98
2,Bastacolla OCP,2026-08-28,4303.01,2151.51
2,Bastacolla OCP,2026-08-29,4339.62,3964.93
2,Bastacolla OCP,2026-08-30,4072.88,3895.86
2,Bastacolla OCP,2026-08-31,4284.07,3840.91
2,Bastacolla OCP,2026-09-01,4005.66,3778.46
2,Bastacolla OCP,2026-09-02,4566.31,4312.03
2,Bastacolla OCP,2026-09-03,4076.83,3814.15
2,Bastacolla OCP,2026-09-04,4180.51,4037.87
2,Bastacolla OCP,2026-09-05,4038.2,2019.1
2,Bastacolla OCP,2026-09-06,4266.97,3851.17
2,Bastacolla OCP,2026-09-07,4751.82,4300.57
2,Bastacolla OCP,2026-09-08,4474.4,4189.27
2,Bastacolla OCP,2026-09-09,4013.08,3711.29
2,Bastacolla OCP,2026-09-10,4375.67,3993.48
2,Bastacolla OCP,2026-09-11,4386.93,4099.04
2,Bastacolla OCP,2026-09-12,4436.06,4009.97
2,Bastacolla OCP,2026-09-13,4464.05,4167.25
2,Bastacolla OCP,2026-09-14,3949.85,3735.6
2,Bastacolla OCP,2026-09-15,3995.63,3669.93
2,Bastacolla OCP,2026-09-16,4355.94,4197.39
2,Bastacolla OCP,2026-09-17,4048.8,2024.4
2,Bastacolla OCP,2026-09-18,3930.1,3586.71
2,Bastacolla OCP,2026-09-19,4107.77,3880.11
2,Bastacolla OCP,2026-09-20,4215.96,3876.73
2,Bastacolla OCP,2026-09-21,3945.44,3669.7
3,Moonidih UG,2026-06-01,4340.3,4116.51
3,Moonidih UG,2026-06-02,3702.67,3556.33
3,Moonidih UG,2026-06-03,4074.58,3906.43
3,Moonidih UG,2026-06-04,4095.68,3629.19
3,Moonidih UG,2026-06-05,3786.42,3514.68
3,Moonidih UG,2026-06-06,4839.69,4498.88
3,Moonidih UG,2026-06-07,4089.68,3805.37
3,Moonidih UG,2026-06-08,4328.81,3859.23
3,Moonidih UG,2026-06-09,4040.74,3816.5
3,Moonidih UG,2026-06-10,3786.36,3476.05
3,Moonidih UG,2026-06-11,3778.29,3524.67
3,Moonidih UG,2026-06-12,3927.39,3519.98
3,Moonidih UG,2026-06-13,4047.48,3707.79
3,Moonidih UG,2026-06-14,3718.77,3405.62
3,Moonidih UG,2026-06-15,3839.05,3581.62
3,Moonidih UG,2026-06-16,4863.36,4470.14
3,Moonidih UG,2026-06-17,4161.48,3541.58
3,Moonidih UG,2026-06-18,3925.45,3508.93
3,Moonidih UG,2026-06-19,3740.2,3464.59
3,Moonidih UG,2026-06-20,3795.66,3469.94
3,Moonidih UG,2026-06-21,4216.79,3947.56
3,Moonidih UG,2026-06-22,4527.62,4284.33
3,Moonidih UG,2026-06-23,4298.06,3916.0
3,Moonidih UG,2026-06-24,3755.03,3529.88
3,Moonidih UG,2026-06-25,4216.16,3853.14
3,Moonidih UG,2026-06-26,4626.37,4347.96
3,Moonidih UG,2026-06-27,4105.06,3892.32
3,Moonidih UG,2026-06-28,4299.0,4028.71
3,Moonidih UG,2026-06-29,4117.79,3827.18
3,Moonidih UG,2026-06-30,4365.49,4121.86
3,Moonidih UG,2026-07-01,3968.35,3625.18
3,Moonidih UG,2026-07-02,3292.28,3052.65
3,Moonidih UG,2026-07-03,3854.61,3434.28
3,Moonidih UG,2026-07-04,4067.72,3823.79
3,Moonidih UG,2026-07-05,4185.41,3944.95
3,Moonidih UG,2026-07-06,4079.21,3769.49
3,Moonidih UG,2026-07-07,4073.39,3816.31
3,Moonidih UG,2026-07-08,3896.95,3712.33
3,Moonidih UG,2026-07-09,4218.19,3887.53
3,Moonidih UG,2026-07-10,3771.55,3395.56
3,Moonidih UG,2026-07-11,4429.21,4031.75
3,Moonidih UG,2026-07-12,4289.97,3926.26
3,Moonidih UG,2026-07-13,4855.51,4585.66
3,Moonidih UG,2026-07-14,3886.29,3739.7
3,Moonidih UG,2026-07-15,4726.7,4249.82
3,Moonidih UG,2026-07-16,3922.62,3695.35
3,Moonidih UG,2026-07-17,4102.8,3680.38
3,Moonidih UG,2026-07-18,3813.81,3710.47
3,Moonidih UG,2026-07-19,4850.25,4519.02
3,Moonidih UG,2026-07-20,4336.32,4056.83
3,Moonidih UG,2026-07-21,4339.74,4191.16
3,Moonidih UG,2026-07-22,3947.72,3637.21
3,Moonidih UG,2026-07-23,3518.73,3248.98
3,Moonidih UG,2026-07-24,4090.75,3821.02
3,Moonidih UG,2026-07-25,4034.68,3834.26
3,Moonidih UG,2026-07-26,3653.39,3338.92
3,Moonidih UG,2026-07-27,4109.96,3947.49
3,Moonidih UG,2026-07-28,4218.76,3948.26
3,Moonidih UG,2026-07-29,4061.69,3977.38
3,Moonidih UG,2026-07-30,4404.83,4228.14
3,Moonidih UG,2026-07-31,4218.98,3999.81
3,Moonidih UG,2026-08-01,4083.38,3668.15
3,Moonidih UG,2026-08-02,4359.49,3946.48
3,Moonidih UG,2026-08-03,4299.12,3959.5
3,Moonidih UG,2026-08-04,3665.66,3397.41
3,Moonidih UG,2026-08-05,4132.53,3710.16
3,Moonidih UG,2026-08-06,4048.13,3721.65
3,Moonidih UG,2026-08-07,4267.73,3851.96
3,Moonidih UG,2026-08-08,4159.88,3777.1
3,Moonidih UG,2026-08-09,3688.54,3549.94
3,Moonidih UG,2026-08-10,3515.0,3136.4
3,Moonidih UG,2026-08-11,4402.1,4012.42
3,Moonidih UG,2026-08-12,3996.79,3753.15
3,Moonidih UG,2026-08-13,4163.69,3719.32
3,Moonidih UG,2026-08-14,4708.15,4328.77
3,Moonidih UG,2026-08-15,4299.31,3865.77
3,Moonidih UG,2026-08-16,4123.25,3862.34
3,Moonidih UG,2026-08-17,4161.29,3959.16
3,Moonidih UG,2026-08-18,4147.5,3959.24
3,Moonidih UG,2026-08-19,4507.5,4153.13
3,Moonidih UG,2026-08-20,4628.87,4491.8
3,Moonidih UG,2026-08-21,4770.51,4627.76
3,Moonidih UG,2026-08-22,3840.51,3602.59
3,Moonidih UG,2026-08-23,4592.32,4269.76
3,Moonidih UG,2026-08-24,4126.85,3906.11
3,Moonidih UG,2026-08-25,3787.22,3373.96
3,Moonidih UG,2026-08-26,4439.59,4004.35
3,Moonidih UG,2026-08-27,4319.05,4283.26
3,Moonidih UG,2026-08-28,3826.63,3480.14
3,Moonidih UG,2026-08-29,4089.08,3844.97
3,Moonidih UG,2026-08-30,3869.03,3474.27
3,Moonidih UG,2026-08-31,4336.86,3986.74
3,Moonidih UG,2026-09-01,4009.92,3692.29
3,Moonidih UG,2026-09-02,3798.67,3511.65
3,Moonidih UG,2026-09-03,3441.62,3298.43
3,Moonidih UG,2026-09-04,4103.31,3565.79
3,Moonidih UG,2026-09-05,3659.78,3484.14
3,Moonidih UG,2026-09-06,4265.03,3788.09
3,Moonidih UG,2026-09-07,4260.65,3890.44
3,Moonidih UG,2026-09-08,4098.72,3849.78
3,Moonidih UG,2026-09-09,4224.66,3990.48
3,Moonidih UG,2026-09-10,4417.28,4277.91
3,Moonidih UG,2026-09-11,4467.0,4163.06
3,Moonidih UG,2026-09-12,4135.58,3999.88
3,Moonidih UG,2026-09-13,3906.06,3486.2
3,Moonidih UG,2026-09-14,4137.42,3809.58
3,Moonidih UG,2026-09-15,3936.14,3639.05
3,Moonidih UG,2026-09-16,3788.35,3478.37
3,Moonidih UG,2026-09-17,4311.19,3979.13
3,Moonidih UG,2026-09-18,3928.92,3663.13
3,Moonidih UG,2026-09-19,4361.16,4082.3
3,Moonidih UG,2026-09-20,4113.81,3623.46
3,Moonidih UG,2026-09-21,3914.7,3506.66
4,Lodna OCP,2026-06-01,3853.6,3488.12
4,Lodna OCP,2026-06-02,4412.45,4163.48
4,Lodna OCP,2026-06-03,3834.76,3731.8
4,Lodna OCP,2026-06-04,4015.47,3662.84
4,Lodna OCP,2026-06-05,3876.71,3567.02
4,Lodna OCP,2026-06-06,3757.07,3480.46
4,Lodna OCP,2026-06-07,3855.89,3563.68
4,Lodna OCP,2026-06-08,4049.68,3868.71
4,Lodna OCP,2026-06-09,4002.34,3795.75
4,Lodna OCP,2026-06-10,3805.82,3397.55
4,Lodna OCP,2026-06-11,4091.95,4012.17
4,Lodna OCP,2026-06-12,4013.02,3621.54
4,Lodna OCP,2026-06-13,3971.59,3521.82
4,Lodna OCP,2026-06-14,3943.0,3592.66
4,Lodna OCP,2026-06-15,4510.99,4165.97
4,Lodna OCP,2026-06-16,3787.65,3581.9
4,Lodna OCP,2026-06-17,4551.02,4331.48
4,Lodna OCP,2026-06-18,4492.7,4235.73
4,Lodna OCP,2026-06-19,4242.43,4081.04
4,Lodna OCP,2026-06-20,4017.52,3805.05
4,Lodna OCP,2026-06-21,4267.68,3958.36
4,Lodna OCP,2026-06-22,4338.79,4087.85
4,Lodna OCP,2026-06-23,3920.93,3602.66
4,Lodna OCP,2026-06-24,3891.12,3483.28
4,Lodna OCP,2026-06-25,4165.64,3898.26
4,Lodna OCP,2026-06-26,4338.65,4046.29
4,Lodna OCP,2026-06-27,3702.58,3508.73
4,Lodna OCP,2026-06-28,4517.31,4208.92
4,Lodna OCP,2026-06-29,3695.53,3360.32
4,Lodna OCP,2026-06-30,4032.22,3819.67
4,Lodna OCP,2026-07-01,3856.54,3456.55
4,Lodna OCP,2026-07-02,3610.35,3394.1
4,Lodna OCP,2026-07-03,4236.04,3778.2
4,Lodna OCP,2026-07-04,4366.16,4150.76
4,Lodna OCP,2026-07-05,4658.81,4494.32
4,Lodna OCP,2026-07-06,4279.6,3930.82
4,Lodna OCP,2026-07-07,3935.67,3565.91
4,Lodna OCP,2026-07-08,4045.83,3676.32
4,Lodna OCP,2026-07-09,3648.12,3314.62
4,Lodna OCP,2026-07-10,4076.37,3661.4
4,Lodna OCP,2026-07-11,4186.81,3761.88
4,Lodna OCP,2026-07-12,4352.28,4065.03
4,Lodna OCP,2026-07-13,4436.3,4056.89
4,Lodna OCP,2026-07-14,4341.57,4270.8
4,Lodna OCP,2026-07-15,3905.23,3466.82
4,Lodna OCP,2026-07-16,3823.22,3434.97
4,Lodna OCP,2026-07-17,4411.94,4184.51
4,Lodna OCP,2026-07-18,3601.43,3358.32
4,Lodna OCP,2026-07-19,4823.4,4609.73
4,Lodna OCP,2026-07-20,3961.72,3761.48
4,Lodna OCP,2026-07-21,4564.44,4288.73
4,Lodna OCP,2026-07-22,4012.23,3570.88
4,Lodna OCP,2026-07-23,4373.85,4165.78
4,Lodna OCP,2026-07-24,3832.92,3417.11
4,Lodna OCP,2026-07-25,4205.04,4059.94
4,Lodna OCP,2026-07-26,3665.07,3476.67
4,Lodna OCP,2026-07-27,3828.15,3732.76
4,Lodna OCP,2026-07-28,3870.15,3662.06
4,Lodna OCP,2026-07-29,4061.2,3591.9
4,Lodna OCP,2026-07-30,4119.95,3836.7
4,Lodna OCP,2026-07-31,4352.78,4076.51
4,Lodna OCP,2026-08-01,4320.05,3991.98
4,Lodna OCP,2026-08-02,4236.78,3660.13
4,Lodna OCP,2026-08-03,4473.34,4281.51
4,Lodna OCP,2026-08-04,4311.07,4090.24
4,Lodna OCP,2026-08-05,4333.88,4171.39
4,Lodna OCP,2026-08-06,3867.67,3533.28
4,Lodna OCP,2026-08-07,4499.3,4149.04
4,Lodna OCP,2026-08-08,4456.24,4118.85
4,Lodna OCP,2026-08-09,4251.75,4002.12
4,Lodna OCP,2026-08-10,4443.9,4041.41
4,Lodna OCP,2026-08-11,4181.07,3892.76
4,Lodna OCP,2026-08-12,4677.42,4379.46
4,Lodna OCP,2026-08-13,4222.71,3874.28
4,Lodna OCP,2026-08-14,4170.66,3952.69
4,Lodna OCP,2026-08-15,4313.39,4017.27
4,Lodna OCP,2026-08-16,4752.67,4373.83
4,Lodna OCP,2026-08-17,4021.36,3648.45
4,Lodna OCP,2026-08-18,4292.36,3861.42
4,Lodna OCP,2026-08-19,4042.66,3723.8
4,Lodna OCP,2026-08-20,4170.27,3864.42
4,Lodna OCP,2026-08-21,3934.44,3576.85
4,Lodna OCP,2026-08-22,4325.39,3896.87
4,Lodna OCP,2026-08-23,4196.99,3938.18
4,Lodna OCP,2026-08-24,4436.79,4216.21
4,Lodna OCP,2026-08-25,4525.5,4117.21
4,Lodna OCP,2026-08-26,4577.18,4239.52
4,Lodna OCP,2026-08-27,4054.05,3743.13
4,Lodna OCP,2026-08-28,4314.02,4070.03
4,Lodna OCP,2026-08-29,4599.93,4241.93
4,Lodna OCP,2026-08-30,3932.33,3444.05
4,Lodna OCP,2026-08-31,4229.22,4038.63
4,Lodna OCP,2026-09-01,3950.92,3502.15
4,Lodna OCP,2026-09-02,4747.5,4346.55
4,Lodna OCP,2026-09-03,4595.79,4174.13
4,Lodna OCP,2026-09-04,4367.07,4034.17
4,Lodna OCP,2026-09-05,4361.96,3988.36
4,Lodna OCP,2026-09-06,3977.52,3604.32
4,Lodna OCP,2026-09-07,4637.59,4358.22
4,Lodna OCP,2026-09-08,4106.03,3758.37
4,Lodna OCP,2026-09-09,4005.1,3836.78
4,Lodna OCP,2026-09-10,4544.32,4289.41
4,Lodna OCP,2026-09-11,4205.53,3966.55
4,Lodna OCP,2026-09-12,4583.03,4197.71
4,Lodna OCP,2026-09-13,4127.78,3945.77
4,Lodna OCP,2026-09-14,4095.92,3738.91
4,Lodna OCP,2026-09-15,4256.59,3945.68
4,Lodna OCP,2026-09-16,4263.51,3887.63
4,Lodna OCP,2026-09-17,4187.44,3842.44
4,Lodna OCP,2026-09-18,3903.92,3348.54
4,Lodna OCP,2026-09-19,4114.84,3794.48
4,Lodna OCP,2026-09-20,4369.94,4111.02
4,Lodna OCP,2026-09-21,4202.35,3902.78
5,Sijua OCP,2026-06-01,3925.79,3581.93
5,Sijua OCP,2026-06-02,3705.23,3229.96
5,Sijua OCP,2026-06-03,4437.89,4073.98
5,Sijua OCP,2026-06-04,3679.01,3458.26
5,Sijua OCP,2026-06-05,4616.8,3901.68
5,Sijua OCP,2026-06-06,4558.41,4154.71
5,Sijua OCP,2026-06-07,4357.49,4142.24
5,Sijua OCP,2026-06-08,4498.55,4308.67
5,Sijua OCP,2026-06-09,3836.82,3664.18
5,Sijua OCP,2026-06-10,4492.72,4198.46
5,Sijua OCP,2026-06-11,4230.26,3931.8
5,Sijua OCP,2026-06-12,3862.29,3629.36
5,Sijua OCP,2026-06-13,4013.87,3854.4
5,Sijua OCP,2026-06-14,4048.74,3856.87
5,Sijua OCP,2026-06-15,4373.3,4007.21
5,Sijua OCP,2026-06-16,3811.91,3541.57
5,Sijua OCP,2026-06-17,4756.82,4554.89
5,Sijua OCP,2026-06-18,4327.99,4017.44
5,Sijua OCP,2026-06-19,4527.87,4198.32
5,Sijua OCP,2026-06-20,4070.61,3763.93
5,Sijua OCP,2026-06-21,4224.41,3933.58
5,Sijua OCP,2026-06-22,3804.27,3379.96
5,Sijua OCP,2026-06-23,4519.93,4324.35
5,Sijua OCP,2026-06-24,4109.78,3832.29
5,Sijua OCP,2026-06-25,3853.04,3739.72
5,Sijua OCP,2026-06-26,3998.82,3734.46
5,Sijua OCP,2026-06-27,3767.63,3449.93
5,Sijua OCP,2026-06-28,4548.86,4164.65
5,Sijua OCP,2026-06-29,4161.99,4046.04
5,Sijua OCP,2026-06-30,4414.71,4100.07
5,Sijua OCP,2026-07-01,4327.31,3833.7
5,Sijua OCP,2026-07-02,3952.56,3940.04
5,Sijua OCP,2026-07-03,3883.96,3535.36
5,Sijua OCP,2026-07-04,4208.08,4029.64
5,Sijua OCP,2026-07-05,3774.08,3509.55
5,Sijua OCP,2026-07-06,3826.17,3474.11
5,Sijua OCP,2026-07-07,4076.57,3839.28
5,Sijua OCP,2026-07-08,3972.52,3646.2
5,Sijua OCP,2026-07-09,4212.78,3892.59
5,Sijua OCP,2026-07-10,4254.04,3961.26
5,Sijua OCP,2026-07-11,3890.06,3663.1
5,Sijua OCP,2026-07-12,4081.6,3575.08
5,Sijua OCP,2026-07-13,3795.35,3537.25
5,Sijua OCP,2026-07-14,4229.48,3959.81
5,Sijua OCP,2026-07-15,4522.19,4253.04
5,Sijua OCP,2026-07-16,4129.64,3748.17
5,Sijua OCP,2026-07-17,4743.21,4302.46
5,Sijua OCP,2026-07-18,4159.0,3863.96
5,Sijua OCP,2026-07-19,4214.02,3899.32
5,Sijua OCP,2026-07-20,3945.8,3552.14
5,Sijua OCP,2026-07-21,4261.98,3966.47
5,Sijua OCP,2026-07-22,3818.66,3512.43
5,Sijua OCP,2026-07-23,3632.04,3390.2
5,Sijua OCP,2026-07-24,4031.07,3702.37
5,Sijua OCP,2026-07-25,4763.96,4406.76
5,Sijua OCP,2026-07-26,4634.52,4270.0
5,Sijua OCP,2026-07-27,4537.52,4051.8
5,Sijua OCP,2026-07-28,3980.45,3760.16
5,Sijua OCP,2026-07-29,4400.64,4101.01
5,Sijua OCP,2026-07-30,4266.11,3990.97
5,Sijua OCP,2026-07-31,4021.12,3559.05
5,Sijua OCP,2026-08-01,3870.04,3501.4
5,Sijua OCP,2026-08-02,4357.27,4215.17
5,Sijua OCP,2026-08-03,3950.77,3717.03
5,Sijua OCP,2026-08-04,4369.38,4106.08
5,Sijua OCP,2026-08-05,4174.32,4020.09
5,Sijua OCP,2026-08-06,4897.77,4590.65
5,Sijua OCP,2026-08-07,4349.7,4103.76
5,Sijua OCP,2026-08-08,4004.21,3512.94
5,Sijua OCP,2026-08-09,3624.98,3297.12
5,Sijua OCP,2026-08-10,3836.55,3577.05
5,Sijua OCP,2026-08-11,4008.57,3807.17
5,Sijua OCP,2026-08-12,4210.63,4167.44
5,Sijua OCP,2026-08-13,4105.35,3814.38
5,Sijua OCP,2026-08-14,3792.22,3340.9
5,Sijua OCP,2026-08-15,4021.66,3745.41
5,Sijua OCP,2026-08-16,4022.33,3730.49
5,Sijua OCP,2026-08-17,4592.44,4045.14
5,Sijua OCP,2026-08-18,4423.69,4014.89
5,Sijua OCP,2026-08-19,4714.93,4390.04
5,Sijua OCP,2026-08-20,4671.08,4291.84
5,Sijua OCP,2026-08-21,4243.2,3908.16
5,Sijua OCP,2026-08-22,3653.57,3324.36
5,Sijua OCP,2026-08-23,3736.88,3599.4
5,Sijua OCP,2026-08-24,4257.86,4069.27
5,Sijua OCP,2026-08-25,4197.87,3884.02
5,Sijua OCP,2026-08-26,4254.91,4045.33
5,Sijua OCP,2026-08-27,4469.6,4178.53
5,Sijua OCP,2026-08-28,4332.32,4151.97
5,Sijua OCP,2026-08-29,4146.5,3736.77
5,Sijua OCP,2026-08-30,4491.05,4270.78
5,Sijua OCP,2026-08-31,4036.33,3835.2
5,Sijua OCP,2026-09-01,4003.08,3842.98
5,Sijua OCP,2026-09-02,4158.55,3795.23
5,Sijua OCP,2026-09-03,3964.48,3673.54
5,Sijua OCP,2026-09-04,4133.85,3728.34
5,Sijua OCP,2026-09-05,4016.52,3774.04
5,Sijua OCP,2026-09-06,3946.19,3759.94
5,Sijua OCP,2026-09-07,4358.76,4072.27
5,Sijua OCP,2026-09-08,4216.44,3788.98
5,Sijua OCP,2026-09-09,4599.62,4464.25
5,Sijua OCP,2026-09-10,4394.35,4071.79
5,Sijua OCP,2026-09-11,4061.52,3728.75
5,Sijua OCP,2026-09-12,3682.09,3235.82
5,Sijua OCP,2026-09-13,4354.48,4141.0
5,Sijua OCP,2026-09-14,4024.38,3894.69
5,Sijua OCP,2026-09-15,4105.81,3854.09
5,Sijua OCP,2026-09-16,3802.47,3424.8
5,Sijua OCP,2026-09-17,4583.04,4285.78
5,Sijua OCP,2026-09-18,4108.31,3764.81
5,Sijua OCP,2026-09-19,4194.11,4002.33
5,Sijua OCP,2026-09-20,4004.2,3733.84
5,Sijua OCP,2026-09-21,4274.46,3973.52
6,Barora OCP,2026-06-01,4263.11,4115.59
6,Barora OCP,2026-06-02,4399.57,4099.22
6,Barora OCP,2026-06-03,4965.81,4704.58
6,Barora OCP,2026-06-04,4297.04,3714.12
6,Barora OCP,2026-06-05,4258.23,3964.99
6,Barora OCP,2026-06-06,3903.92,3451.1
6,Barora OCP,2026-06-07,3852.27,3509.56
6,Barora OCP,2026-06-08,4057.93,3776.87
6,Barora OCP,2026-06-09,3772.82,3338.51
6,Barora OCP,2026-06-10,4116.66,3938.17
6,Barora OCP,2026-06-11,4575.81,4326.22
6,Barora OCP,2026-06-12,4300.38,3916.24
6,Barora OCP,2026-06-13,4342.21,4261.87
6,Barora OCP,2026-06-14,4408.61,4118.67
6,Barora OCP,2026-06-15,4101.29,3812.2
6,Barora OCP,2026-06-16,3716.99,3397.77
6,Barora OCP,2026-06-17,3790.68,3519.27
6,Barora OCP,2026-06-18,4246.88,3839.48
6,Barora OCP,2026-06-19,3954.12,3508.96
6,Barora OCP,2026-06-20,4484.06,4227.0
6,Barora OCP,2026-06-21,3867.38,3711.76
6,Barora OCP,2026-06-22,4281.53,4055.25
6,Barora OCP,2026-06-23,4559.81,4327.76
6,Barora OCP,2026-06-24,3929.8,3606.44
6,Barora OCP,2026-06-25,3994.19,3693.33
6,Barora OCP,2026-06-26,4495.8,4184.07
6,Barora OCP,2026-06-27,4236.29,3915.77
6,Barora OCP,2026-06-28,3692.07,3352.89
6,Barora OCP,2026-06-29,4247.98,3858.69
6,Barora OCP,2026-06-30,4381.74,4101.94
6,Barora OCP,2026-07-01,4509.72,4238.98
6,Barora OCP,2026-07-02,4274.15,4005.26
6,Barora OCP,2026-07-03,4338.53,4076.18
6,Barora OCP,2026-07-04,4694.27,4192.53
6,Barora OCP,2026-07-05,4462.18,4008.05
6,Barora OCP,2026-07-06,3738.24,3580.37
6,Barora OCP,2026-07-07,4103.53,3799.41
6,Barora OCP,2026-07-08,4140.54,4004.75
6,Barora OCP,2026-07-09,4545.48,4030.06
6,Barora OCP,2026-07-10,4584.3,4175.74
6,Barora OCP,2026-07-11,4267.84,4052.14
6,Barora OCP,2026-07-12,4221.76,3711.2
6,Barora OCP,2026-07-13,4094.4,3839.9
6,Barora OCP,2026-07-14,4532.19,4114.82
6,Barora OCP,2026-07-15,3945.63,3671.78
6,Barora OCP,2026-07-16,4049.43,3742.46
6,Barora OCP,2026-07-17,4531.11,4311.51
6,Barora OCP,2026-07-18,4526.9,4216.73
6,Barora OCP,2026-07-19,4897.86,4565.97
6,Barora OCP,2026-07-20,4170.92,3813.45
6,Barora OCP,2026-07-21,4098.86,3978.38
6,Barora OCP,2026-07-22,4127.84,3853.47
6,Barora OCP,2026-07-23,3722.3,3429.61
6,Barora OCP,2026-07-24,3579.87,3314.64
6,Barora OCP,2026-07-25,4273.08,3963.38
6,Barora OCP,2026-07-26,4076.68,3785.23
6,Barora OCP,2026-07-27,3964.78,3663.7
6,Barora OCP,2026-07-28,4217.43,4007.45
6,Barora OCP,2026-07-29,4280.31,3954.16
6,Barora OCP,2026-07-30,4150.14,3608.03
6,Barora OCP,2026-07-31,4157.79,3885.71
6,Barora OCP,2026-08-01,4073.28,3870.38
6,Barora OCP,2026-08-02,4405.77,4174.39
6,Barora OCP,2026-08-03,4029.62,3783.44
6,Barora OCP,2026-08-04,3904.52,3779.63
6,Barora OCP,2026-08-05,4061.12,3673.78
6,Barora OCP,2026-08-06,4259.09,3803.04
6,Barora OCP,2026-08-07,4425.29,4072.89
6,Barora OCP,2026-08-08,4764.79,4474.51
6,Barora OCP,2026-08-09,4218.92,3920.07
6,Barora OCP,2026-08-10,4663.14,4362.88
6,Barora OCP,2026-08-11,4005.52,3646.75
6,Barora OCP,2026-08-12,3955.12,3601.77
6,Barora OCP,2026-08-13,4324.15,4043.09
6,Barora OCP,2026-08-14,4369.74,4218.52
6,Barora OCP,2026-08-15,4248.89,3995.17
6,Barora OCP,2026-08-16,5058.68,4743.1
6,Barora OCP,2026-08-17,4021.08,3858.91
6,Barora OCP,2026-08-18,4591.62,4326.63
6,Barora OCP,2026-08-19,3962.59,3628.96
6,Barora OCP,2026-08-20,4394.92,4031.52
6,Barora OCP,2026-08-21,4205.93,3890.01
6,Barora OCP,2026-08-22,4269.61,3935.97
6,Barora OCP,2026-08-23,4327.47,3918.02
6,Barora OCP,2026-08-24,4216.92,3998.6
6,Barora OCP,2026-08-25,4156.71,3781.33
6,Barora OCP,2026-08-26,3664.04,3542.12
6,Barora OCP,2026-08-27,4475.48,4023.47
6,Barora OCP,2026-08-28,3820.44,3510.39
6,Barora OCP,2026-08-29,4080.14,3806.22
6,Barora OCP,2026-08-30,4291.66,4120.95
6,Barora OCP,2026-08-31,3867.83,3597.96
6,Barora OCP,2026-09-01,4156.39,3968.98
6,Barora OCP,2026-09-02,4436.89,4178.65
6,Barora OCP,2026-09-03,4073.45,3745.19
6,Barora OCP,2026-09-04,4161.33,3777.58
6,Barora OCP,2026-09-05,3919.97,3759.71
6,Barora OCP,2026-09-06,4107.06,3801.04
6,Barora OCP,2026-09-07,3827.77,3666.55
6,Barora OCP,2026-09-08,4254.69,4030.47
6,Barora OCP,2026-09-09,3764.25,3367.71
6,Barora OCP,2026-09-10,4010.46,3595.48
6,Barora OCP,2026-09-11,4208.54,3879.07
6,Barora OCP,2026-09-12,4136.55,4102.07
6,Barora OCP,2026-09-13,3858.96,3571.53
6,Barora OCP,2026-09-14,4309.42,4188.39
6,Barora OCP,2026-09-15,4183.92,3996.15
6,Barora OCP,2026-09-16,4270.39,3972.33
6,Barora OCP,2026-09-17,4423.05,4016.37
6,Barora OCP,2026-09-18,4337.7,3951.66
6,Barora OCP,2026-09-19,4094.9,3512.59
6,Barora OCP,2026-09-20,3834.35,3587.13
6,Barora OCP,2026-09-21,4470.41,4095.14
7,Govindpur OCP,2026-06-01,4346.22,3978.68
7,Govindpur OCP,2026-06-02,3574.93,3116.0
7,Govindpur OCP,2026-06-03,4138.83,3714.24
7,Govindpur OCP,2026-06-04,3589.94,3264.29
7,Govindpur OCP,2026-06-05,4030.95,3673.74
7,Govindpur OCP,2026-06-06,4295.12,3958.52
7,Govindpur OCP,2026-06-07,3882.32,3588.01
7,Govindpur OCP,2026-06-08,4145.95,3796.42
7,Govindpur OCP,2026-06-09,4496.79,4181.74
7,Govindpur OCP,2026-06-10,3817.15,3506.39
7,Govindpur OCP,2026-06-11,4983.32,4518.72
7,Govindpur OCP,2026-06-12,3307.68,3001.35
7,Govindpur OCP,2026-06-13,4479.64,4197.87
7,Govindpur OCP,2026-06-14,4061.97,3788.67
7,Govindpur OCP,2026-06-15,4365.66,4180.5
7,Govindpur OCP,2026-06-16,4556.61,4262.21
7,Govindpur OCP,2026-06-17,3919.49,3507.06
7,Govindpur OCP,2026-06-18,3736.46,3491.98
7,Govindpur OCP,2026-06-19,4028.5,3514.1
7,Govindpur OCP,2026-06-20,3994.49,3909.99
7,Govindpur OCP,2026-06-21,4025.46,3679.9
7,Govindpur OCP,2026-06-22,4435.23,3907.57
7,Govindpur OCP,2026-06-23,4622.07,4303.28
7,Govindpur OCP,2026-06-24,3932.58,3470.17
7,Govindpur OCP,2026-06-25,4089.43,3855.25
7,Govindpur OCP,2026-06-26,4074.88,3900.11
7,Govindpur OCP,2026-06-27,4060.49,3783.8
7,Govindpur OCP,2026-06-28,4419.2,4158.01
7,Govindpur OCP,2026-06-29,3819.76,3680.14
7,Govindpur OCP,2026-06-30,4262.87,3955.61
7,Govindpur OCP,2026-07-01,4033.71,3780.45
7,Govindpur OCP,2026-07-02,4316.55,3877.49
7,Govindpur OCP,2026-07-03,3965.96,3657.07
7,Govindpur OCP,2026-07-04,4487.48,4265.09
7,Govindpur OCP,2026-07-05,4195.31,3899.11
7,Govindpur OCP,2026-07-06,3806.61,3489.76
7,Govindpur OCP,2026-07-07,4209.46,3853.95
7,Govindpur OCP,2026-07-08,3843.93,3542.94
7,Govindpur OCP,2026-07-09,4614.52,4106.77
7,Govindpur OCP,2026-07-10,4584.04,4401.75
7,Govindpur OCP,2026-07-11,4335.32,4083.63
7,Govindpur OCP,2026-07-12,4285.17,4062.39
7,Govindpur OCP,2026-07-13,3685.96,3420.41
7,Govindpur OCP,2026-07-14,4416.78,4087.98
7,Govindpur OCP,2026-07-15,4320.88,3999.25
7,Govindpur OCP,2026-07-16,4321.36,3968.41
7,Govindpur OCP,2026-07-17,4117.6,3809.31
7,Govindpur OCP,2026-07-18,4722.98,4408.77
7,Govindpur OCP,2026-07-19,4212.77,3902.48
7,Govindpur OCP,2026-07-20,4134.63,3878.16
7,Govindpur OCP,2026-07-21,4262.6,4013.18
7,Govindpur OCP,2026-07-22,4156.35,3935.4
7,Govindpur OCP,2026-07-23,4232.4,3873.98
7,Govindpur OCP,2026-07-24,4136.43,4037.26
7,Govindpur OCP,2026-07-25,4377.11,4065.09
7,Govindpur OCP,2026-07-26,3902.03,3524.7
7,Govindpur OCP,2026-07-27,3780.47,3375.93
7,Govindpur OCP,2026-07-28,4182.79,4109.68
7,Govindpur OCP,2026-07-29,4253.5,3994.12
7,Govindpur OCP,2026-07-30,4032.95,3806.72
7,Govindpur OCP,2026-07-31,4161.84,3910.35
7,Govindpur OCP,2026-08-01,3642.99,3215.79
7,Govindpur OCP,2026-08-02,4126.69,3899.89
7,Govindpur OCP,2026-08-03,3861.47,3484.4
7,Govindpur OCP,2026-08-04,3810.47,3497.07
7,Govindpur OCP,2026-08-05,4024.91,3777.45
7,Govindpur OCP,2026-08-06,3868.93,3630.96
7,Govindpur OCP,2026-08-07,4202.64,3879.11
7,Govindpur OCP,2026-08-08,3964.32,3673.42
7,Govindpur OCP,2026-08-09,4466.54,4332.8
7,Govindpur OCP,2026-08-10,4198.12,3993.2
7,Govindpur OCP,2026-08-11,3884.19,3558.09
7,Govindpur OCP,2026-08-12,4036.42,3858.1
7,Govindpur OCP,2026-08-13,4597.28,4205.28
7,Govindpur OCP,2026-08-14,3620.31,3467.75
7,Govindpur OCP,2026-08-15,4378.04,4106.52
7,Govindpur OCP,2026-08-16,4650.17,4288.54
7,Govindpur OCP,2026-08-17,4289.84,4092.03
7,Govindpur OCP,2026-08-18,4347.43,4175.01
7,Govindpur OCP,2026-08-19,4591.57,4249.36
7,Govindpur OCP,2026-08-20,3952.55,3572.08
7,Govindpur OCP,2026-08-21,4872.46,4594.22
7,Govindpur OCP,2026-08-22,4365.12,4108.31
7,Govindpur OCP,2026-08-23,4225.61,4076.33
7,Govindpur OCP,2026-08-24,4199.84,3895.48
7,Govindpur OCP,2026-08-25,4739.7,4619.2
7,Govindpur OCP,2026-08-26,4115.73,3686.92
7,Govindpur OCP,2026-08-27,4127.47,3844.6
7,Govindpur OCP,2026-08-28,3950.02,3743.28
7,Govindpur OCP,2026-08-29,3652.24,3415.17
7,Govindpur OCP,2026-08-30,3903.19,3591.39
7,Govindpur OCP,2026-08-31,3963.7,3711.66
7,Govindpur OCP,2026-09-01,4064.34,3769.15
7,Govindpur OCP,2026-09-02,4041.44,3847.62
7,Govindpur OCP,2026-09-03,4225.73,3818.98
7,Govindpur OCP,2026-09-04,4238.54,3999.52
7,Govindpur OCP,2026-09-05,4163.06,4068.12
7,Govindpur OCP,2026-09-06,4158.18,3898.21
7,Govindpur OCP,2026-09-07,3919.96,3695.17
7,Govindpur OCP,2026-09-08,4076.93,3677.68
7,Govindpur OCP,2026-09-09,4527.62,4320.43
7,Govindpur OCP,2026-09-10,4044.58,3793.84
7,Govindpur OCP,2026-09-11,4442.86,4128.31
7,Govindpur OCP,2026-09-12,4227.84,3874.21
7,Govindpur OCP,2026-09-13,4021.08,3584.69
7,Govindpur OCP,2026-09-14,4199.48,3985.07
7,Govindpur OCP,2026-09-15,4131.11,3707.92
7,Govindpur OCP,2026-09-16,4072.46,3677.5
7,Govindpur OCP,2026-09-17,4012.4,3788.96
7,Govindpur OCP,2026-09-18,4397.88,4185.28
7,Govindpur OCP,2026-09-19,4446.76,4111.6
7,Govindpur OCP,2026-09-20,3937.92,3645.07
7,Govindpur OCP,2026-09-21,4035.37,3700.47
8,Block-II OCP,2026-06-01,4766.34,4503.41
8,Block-II OCP,2026-06-02,4360.13,4057.69
8,Block-II OCP,2026-06-03,4207.22,3923.74
8,Block-II OCP,2026-06-04,3942.77,3609.26
8,Block-II OCP,2026-06-05,4113.38,3903.86
8,Block-II OCP,2026-06-06,4504.25,4194.35
8,Block-II OCP,2026-06-07,4131.57,3697.56
8,Block-II OCP,2026-06-08,3649.18,3221.89
8,Block-II OCP,2026-06-09,3935.94,3614.79
8,Block-II OCP,2026-06-10,4023.58,3815.88
8,Block-II OCP,2026-06-11,4594.17,4108.54
8,Block-II OCP,2026-06-12,4133.63,3800.08
8,Block-II OCP,2026-06-13,4217.1,3744.05
8,Block-II OCP,2026-06-14,3566.05,3228.34
8,Block-II OCP,2026-06-15,3981.86,3917.46
8,Block-II OCP,2026-06-16,4091.84,3607.04
8,Block-II OCP,2026-06-17,4003.19,3624.11
8,Block-II OCP,2026-06-18,4559.6,4260.87
8,Block-II OCP,2026-06-19,4236.14,4107.77
8,Block-II OCP,2026-06-20,3985.15,3594.45
8,Block-II OCP,2026-06-21,4218.2,3881.47
8,Block-II OCP,2026-06-22,4239.95,3720.75
8,Block-II OCP,2026-06-23,4070.84,3610.3
8,Block-II OCP,2026-06-24,4240.05,3770.63
8,Block-II OCP,2026-06-25,3832.51,3514.04
8,Block-II OCP,2026-06-26,4081.89,3767.95
8,Block-II OCP,2026-06-27,4566.71,4228.83
8,Block-II OCP,2026-06-28,4566.11,4333.14
8,Block-II OCP,2026-06-29,3953.15,3651.54
8,Block-II OCP,2026-06-30,4188.4,3906.99
8,Block-II OCP,2026-07-01,3912.41,3492.55
8,Block-II OCP,2026-07-02,4091.15,3648.54
8,Block-II OCP,2026-07-03,4203.82,3838.98
8,Block-II OCP,2026-07-04,4367.31,4149.74
8,Block-II OCP,2026-07-05,4310.16,3817.33
8,Block-II OCP,2026-07-06,4275.48,3885.36
8,Block-II OCP,2026-07-07,4407.98,4077.28
8,Block-II OCP,2026-07-08,4255.94,3901.21
8,Block-II OCP,2026-07-09,4428.98,4264.2
8,Block-II OCP,2026-07-10,4274.19,3992.6
8,Block-II OCP,2026-07-11,4082.54,3652.95
8,Block-II OCP,2026-07-12,3980.06,3819.53
8,Block-II OCP,2026-07-13,4438.71,4280.75
8,Block-II OCP,2026-07-14,3621.62,3230.79
8,Block-II OCP,2026-07-15,4247.62,3900.34
8,Block-II OCP,2026-07-16,4067.27,3905.71
8,Block-II OCP,2026-07-17,3844.26,3571.48
8,Block-II OCP,2026-07-18,3818.28,3487.57
8,Block-II OCP,2026-07-19,4061.26,3742.76
8,Block-II OCP,2026-07-20,4246.54,3907.86
8,Block-II OCP,2026-07-21,4349.84,4084.23
8,Block-II OCP,2026-07-22,4255.19,3931.59
8,Block-II OCP,2026-07-23,3471.33,3106.68
8,Block-II OCP,2026-07-24,4244.98,3888.58
8,Block-II OCP,2026-07-25,3813.95,3545.52
8,Block-II OCP,2026-07-26,3872.54,3498.08
8,Block-II OCP,2026-07-27,3778.47,3571.33
8,Block-II OCP,2026-07-28,4360.29,4123.23
8,Block-II OCP,2026-07-29,3921.48,3530.81
8,Block-II OCP,2026-07-30,4484.31,4112.11
8,Block-II OCP,2026-07-31,4454.61,4177.77
8,Block-II OCP,2026-08-01,4138.62,3903.43
8,Block-II OCP,2026-08-02,4250.32,4003.11
8,Block-II OCP,2026-08-03,4070.08,3710.09
8,Block-II OCP,2026-08-04,4555.36,4215.54
8,Block-II OCP,2026-08-05,4738.29,4508.85
8,Block-II OCP,2026-08-06,3648.61,3277.14
8,Block-II OCP,2026-08-07,3968.45,3695.82
8,Block-II OCP,2026-08-08,3669.06,3458.98
8,Block-II OCP,2026-08-09,3749.33,3492.76
8,Block-II OCP,2026-08-10,4081.63,3772.64
8,Block-II OCP,2026-08-11,4571.92,4204.23
8,Block-II OCP,2026-08-12,3713.35,3352.55
8,Block-II OCP,2026-08-13,4233.53,3943.31
8,Block-II OCP,2026-08-14,4193.19,3872.73
8,Block-II OCP,2026-08-15,3992.43,3710.67
8,Block-II OCP,2026-08-16,4555.18,4325.57
8,Block-II OCP,2026-08-17,3891.03,3597.2
8,Block-II OCP,2026-08-18,3860.83,3733.11
8,Block-II OCP,2026-08-19,4096.66,3651.8
8,Block-II OCP,2026-08-20,4188.42,3870.56
8,Block-II OCP,2026-08-21,3560.96,3217.14
8,Block-II OCP,2026-08-22,4228.01,3994.5
8,Block-II OCP,2026-08-23,4254.02,3937.0
8,Block-II OCP,2026-08-24,3882.15,3548.97
8,Block-II OCP,2026-08-25,4559.14,4281.93
8,Block-II OCP,2026-08-26,3939.72,3657.48
8,Block-II OCP,2026-08-27,4456.38,4279.02
8,Block-II OCP,2026-08-28,4373.57,4141.37
8,Block-II OCP,2026-08-29,4272.62,4029.05
8,Block-II OCP,2026-08-30,4029.89,3577.59
8,Block-II OCP,2026-08-31,3777.27,3428.74
8,Block-II OCP,2026-09-01,4719.4,4350.85
8,Block-II OCP,2026-09-02,3800.67,3628.83
8,Block-II OCP,2026-09-03,3974.51,3658.72
8,Block-II OCP,2026-09-04,4267.78,4094.95
8,Block-II OCP,2026-09-05,3938.17,3719.32
8,Block-II OCP,2026-09-06,4145.78,3647.31
8,Block-II OCP,2026-09-07,3920.04,3717.74
8,Block-II OCP,2026-09-08,3860.06,3496.5
8,Block-II OCP,2026-09-09,4187.6,3977.22
8,Block-II OCP,2026-09-10,4091.16,3870.31
8,Block-II OCP,2026-09-11,4288.77,3720.33
8,Block-II OCP,2026-09-12,4365.26,4074.56
8,Block-II OCP,2026-09-13,4000.51,3834.85
8,Block-II OCP,2026-09-14,4420.11,4052.17
8,Block-II OCP,2026-09-15,4060.17,3638.84
8,Block-II OCP,2026-09-16,4206.33,3828.86
8,Block-II OCP,2026-09-17,4288.86,4006.57
8,Block-II OCP,2026-09-18,3913.53,3628.09
8,Block-II OCP,2026-09-19,4452.62,4203.43
8,Block-II OCP,2026-09-20,4331.92,4140.2
8,Block-II OCP,2026-09-21,4434.02,4102.72
9,Muraidih OCP,2026-06-01,3839.37,3561.77
9,Muraidih OCP,2026-06-02,4479.43,4305.34
9,Muraidih OCP,2026-06-03,3878.71,3585.66
9,Muraidih OCP,2026-06-04,4840.0,4607.26
9,Muraidih OCP,2026-06-05,4348.58,4022.57
9,Muraidih OCP,2026-06-06,4023.14,3707.03
9,Muraidih OCP,2026-06-07,4065.65,3801.43
9,Muraidih OCP,2026-06-08,3701.62,3404.06
9,Muraidih OCP,2026-06-09,4469.73,4163.99
9,Muraidih OCP,2026-06-10,4527.15,4169.12
9,Muraidih OCP,2026-06-11,4182.14,3944.93
9,Muraidih OCP,2026-06-12,4054.12,3901.17
9,Muraidih OCP,2026-06-13,4119.88,3805.28
9,Muraidih OCP,2026-06-14,4714.63,4361.79
9,Muraidih OCP,2026-06-15,3940.54,3784.48
9,Muraidih OCP,2026-06-16,4138.03,3756.86
9,Muraidih OCP,2026-06-17,4133.82,3779.62
9,Muraidih OCP,2026-06-18,4145.66,3773.96
9,Muraidih OCP,2026-06-19,3720.82,3260.4
9,Muraidih OCP,2026-06-20,3866.25,3486.88
9,Muraidih OCP,2026-06-21,4118.34,3829.93
9,Muraidih OCP,2026-06-22,4127.67,3802.11
9,Muraidih OCP,2026-06-23,4337.26,3931.42
9,Muraidih OCP,2026-06-24,4622.38,4289.2
9,Muraidih OCP,2026-06-25,4714.1,4404.81
9,Muraidih OCP,2026-06-26,4523.23,4180.36
9,Muraidih OCP,2026-06-27,4035.24,3717.12
9,Muraidih OCP,2026-06-28,4350.95,4054.17
9,Muraidih OCP,2026-06-29,4323.86,3937.32
9,Muraidih OCP,2026-06-30,4192.99,4187.38
9,Muraidih OCP,2026-07-01,4703.48,4433.24
9,Muraidih OCP,2026-07-02,3953.02,3765.43
9,Muraidih OCP,2026-07-03,4099.07,3855.34
9,Muraidih OCP,2026-07-04,3978.9,3747.11
9,Muraidih OCP,2026-07-05,4358.92,3855.89
9,Muraidih OCP,2026-07-06,4446.17,4033.91
9,Muraidih OCP,2026-07-07,4086.78,3776.31
9,Muraidih OCP,2026-07-08,4327.94,4093.9
9,Muraidih OCP,2026-07-09,4072.28,3686.83
9,Muraidih OCP,2026-07-10,4527.09,4220.35
9,Muraidih OCP,2026-07-11,3841.45,3571.01
9,Muraidih OCP,2026-07-12,3767.6,3460.08
9,Muraidih OCP,2026-07-13,4276.62,4003.69
9,Muraidih OCP,2026-07-14,4272.51,3930.82
9,Muraidih OCP,2026-07-15,4277.06,4097.21
9,Muraidih OCP,2026-07-16,4124.02,3783.04
9,Muraidih OCP,2026-07-17,4673.61,4400.81
9,Muraidih OCP,2026-07-18,4365.25,3977.44
9,Muraidih OCP,2026-07-19,4141.01,3726.17
9,Muraidih OCP,2026-07-20,4560.65,4122.61
9,Muraidih OCP,2026-07-21,4337.53,3801.52
9,Muraidih OCP,2026-07-22,4015.42,3503.01
9,Muraidih OCP,2026-07-23,4430.49,3996.45
9,Muraidih OCP,2026-07-24,4103.99,3719.54
9,Muraidih OCP,2026-07-25,4628.09,4436.83
9,Muraidih OCP,2026-07-26,4151.0,4065.13
9,Muraidih OCP,2026-07-27,4146.5,3928.1
9,Muraidih OCP,2026-07-28,4134.67,3542.31
9,Muraidih OCP,2026-07-29,4715.34,4559.29
9,Muraidih OCP,2026-07-30,4366.72,3986.83
9,Muraidih OCP,2026-07-31,4098.63,3780.8
9,Muraidih OCP,2026-08-01,4282.79,4117.46
9,Muraidih OCP,2026-08-02,3890.6,3573.37
9,Muraidih OCP,2026-08-03,4229.82,4000.68
9,Muraidih OCP,2026-08-04,3961.69,3670.67
9,Muraidih OCP,2026-08-05,4465.85,4173.49
9,Muraidih OCP,2026-08-06,4686.82,4456.4
9,Muraidih OCP,2026-08-07,4257.93,3993.36
9,Muraidih OCP,2026-08-08,4376.39,4154.55
9,Muraidih OCP,2026-08-09,4778.22,4647.28
9,Muraidih OCP,2026-08-10,4714.64,4405.65
9,Muraidih OCP,2026-08-11,4365.73,3932.27
9,Muraidih OCP,2026-08-12,4457.3,4230.3
9,Muraidih OCP,2026-08-13,4380.03,3893.28
9,Muraidih OCP,2026-08-14,3933.81,3421.97
9,Muraidih OCP,2026-08-15,4315.71,4059.03
9,Muraidih OCP,2026-08-16,3932.01,3654.34
9,Muraidih OCP,2026-08-17,3613.42,3354.94
9,Muraidih OCP,2026-08-18,4121.12,3928.56
9,Muraidih OCP,2026-08-19,4424.35,4146.23
9,Muraidih OCP,2026-08-20,4009.26,3741.8
9,Muraidih OCP,2026-08-21,4306.53,3999.21
9,Muraidih OCP,2026-08-22,3989.71,3677.14
9,Muraidih OCP,2026-08-23,4184.8,3998.74
9,Muraidih OCP,2026-08-24,4113.45,3755.51
9,Muraidih OCP,2026-08-25,4371.64,4094.64
9,Muraidih OCP,2026-08-26,4403.03,4201.03
9,Muraidih OCP,2026-08-27,3915.3,3640.43
9,Muraidih OCP,2026-08-28,4649.27,4332.94
9,Muraidih OCP,2026-08-29,4117.39,3662.98
9,Muraidih OCP,2026-08-30,4113.92,3590.45
9,Muraidih OCP,2026-08-31,4046.62,3847.79
9,Muraidih OCP,2026-09-01,4150.09,3875.0
9,Muraidih OCP,2026-09-02,3957.68,3397.49
9,Muraidih OCP,2026-09-03,4295.59,3949.16
9,Muraidih OCP,2026-09-04,4061.44,3819.2
9,Muraidih OCP,2026-09-05,4507.67,4375.25
9,Muraidih OCP,2026-09-06,3857.14,3581.87
9,Muraidih OCP,2026-09-07,4605.31,4342.77
9,Muraidih OCP,2026-09-08,4324.85,4022.07
9,Muraidih OCP,2026-09-09,4588.88,4447.35
9,Muraidih OCP,2026-09-10,4420.79,4140.68
9,Muraidih OCP,2026-09-11,4477.47,4259.39
9,Muraidih OCP,2026-09-12,4207.32,3917.57
9,Muraidih OCP,2026-09-13,3899.27,3727.31
9,Muraidih OCP,2026-09-14,4025.88,3712.88
9,Muraidih OCP,2026-09-15,3972.93,3705.93
9,Muraidih OCP,2026-09-16,3634.26,3371.33
9,Muraidih OCP,2026-09-17,4507.08,4136.56
9,Muraidih OCP,2026-09-18,4173.92,3849.56
9,Muraidih OCP,2026-09-19,3951.52,3489.08
9,Muraidih OCP,2026-09-20,4820.33,4503.85
9,Muraidih OCP,2026-09-21,4977.21,4745.22
10,Maheshpur OCP,2026-06-01,3824.68,3595.64
10,Maheshpur OCP,2026-06-02,4134.15,3602.95
10,Maheshpur OCP,2026-06-03,4115.65,3901.62
10,Maheshpur OCP,2026-06-04,3930.46,3516.46
10,Maheshpur OCP,2026-06-05,4499.19,4247.74
10,Maheshpur OCP,2026-06-06,3637.26,3450.12
10,Maheshpur OCP,2026-06-07,4716.37,4347.49
10,Maheshpur OCP,2026-06-08,4219.64,3732.76
10,Maheshpur OCP,2026-06-09,4787.5,4491.09
10,Maheshpur OCP,2026-06-10,4194.73,3952.93
10,Maheshpur OCP,2026-06-11,4114.62,3963.25
10,Maheshpur OCP,2026-06-12,3752.88,3625.15
10,Maheshpur OCP,2026-06-13,4525.3,4381.44
10,Maheshpur OCP,2026-06-14,4784.99,4558.03
10,Maheshpur OCP,2026-06-15,4721.2,4457.71
10,Maheshpur OCP,2026-06-16,3730.14,3301.77
10,Maheshpur OCP,2026-06-17,4620.56,4411.16
10,Maheshpur OCP,2026-06-18,4100.5,3891.08
10,Maheshpur OCP,2026-06-19,4163.84,3853.06
10,Maheshpur OCP,2026-06-20,4094.59,3976.47
10,Maheshpur OCP,2026-06-21,4025.74,3655.38
10,Maheshpur OCP,2026-06-22,4137.33,3870.07
10,Maheshpur OCP,2026-06-23,3920.77,3681.77
10,Maheshpur OCP,2026-06-24,4622.68,4436.66
10,Maheshpur OCP,2026-06-25,4416.25,4111.54
10,Maheshpur OCP,2026-06-26,4273.44,4046.68
10,Maheshpur OCP,2026-06-27,4094.47,3795.04
10,Maheshpur OCP,2026-06-28,4043.8,3710.66
10,Maheshpur OCP,2026-06-29,4337.23,3819.96
10,Maheshpur OCP,2026-06-30,4283.46,4174.68
10,Maheshpur OCP,2026-07-01,4548.91,4269.29
10,Maheshpur OCP,2026-07-02,4803.58,4356.49
10,Maheshpur OCP,2026-07-03,4048.42,3676.23
10,Maheshpur OCP,2026-07-04,4021.81,3721.54
10,Maheshpur OCP,2026-07-05,4402.8,3991.5
10,Maheshpur OCP,2026-07-06,4468.56,4161.06
10,Maheshpur OCP,2026-07-07,4945.03,4681.53
10,Maheshpur OCP,2026-07-08,3717.84,3559.31
10,Maheshpur OCP,2026-07-09,4642.2,4349.87
10,Maheshpur OCP,2026-07-10,4247.72,4001.97
10,Maheshpur OCP,2026-07-11,4064.19,3842.9
10,Maheshpur OCP,2026-07-12,4341.35,4051.08
10,Maheshpur OCP,2026-07-13,4330.5,3996.56
10,Maheshpur OCP,2026-07-14,4072.24,3918.11
10,Maheshpur OCP,2026-07-15,3736.26,3133.59
10,Maheshpur OCP,2026-07-16,4643.45,4209.43
10,Maheshpur OCP,2026-07-17,3997.62,3696.67
10,Maheshpur OCP,2026-07-18,3955.39,3786.6
10,Maheshpur OCP,2026-07-19,4023.37,3590.75
10,Maheshpur OCP,2026-07-20,4452.22,4249.23
10,Maheshpur OCP,2026-07-21,4105.56,3730.64
10,Maheshpur OCP,2026-07-22,4028.71,3720.75
10,Maheshpur OCP,2026-07-23,4320.55,3981.46
10,Maheshpur OCP,2026-07-24,4276.24,4041.61
10,Maheshpur OCP,2026-07-25,4034.71,3848.07
10,Maheshpur OCP,2026-07-26,3731.6,3443.07
10,Maheshpur OCP,2026-07-27,4444.88,4282.91
10,Maheshpur OCP,2026-07-28,4281.89,3903.43
10,Maheshpur OCP,2026-07-29,3648.98,3376.04
10,Maheshpur OCP,2026-07-30,4693.86,4338.67
10,Maheshpur OCP,2026-07-31,3638.86,3273.03
10,Maheshpur OCP,2026-08-01,3975.68,3606.55
10,Maheshpur OCP,2026-08-02,3992.98,3698.28
10,Maheshpur OCP,2026-08-03,4038.74,3738.42
10,Maheshpur OCP,2026-08-04,4029.82,3752.17
10,Maheshpur OCP,2026-08-05,3847.32,3498.25
10,Maheshpur OCP,2026-08-06,4252.59,4114.24
10,Maheshpur OCP,2026-08-07,4497.87,4215.5
10,Maheshpur OCP,2026-08-08,4248.53,3872.07
10,Maheshpur OCP,2026-08-09,4298.47,3881.95
10,Maheshpur OCP,2026-08-10,4112.01,3708.57
10,Maheshpur OCP,2026-08-11,4236.88,3886.11
10,Maheshpur OCP,2026-08-12,4321.09,3897.02
10,Maheshpur OCP,2026-08-13,4416.42,4160.72
10,Maheshpur OCP,2026-08-14,4007.62,3712.6
10,Maheshpur OCP,2026-08-15,3971.97,3777.19
10,Maheshpur OCP,2026-08-16,3561.58,3416.51
10,Maheshpur OCP,2026-08-17,4795.62,4561.27
10,Maheshpur OCP,2026-08-18,4771.04,4430.72
10,Maheshpur OCP,2026-08-19,4185.07,4035.13
10,Maheshpur OCP,2026-08-20,4201.4,3712.18
10,Maheshpur OCP,2026-08-21,4667.29,4339.87
10,Maheshpur OCP,2026-08-22,3855.4,3651.12
10,Maheshpur OCP,2026-08-23,3944.22,3516.41
10,Maheshpur OCP,2026-08-24,4689.52,4369.93
10,Maheshpur OCP,2026-08-25,4109.08,3654.2
10,Maheshpur OCP,2026-08-26,3906.43,3601.25
10,Maheshpur OCP,2026-08-27,4338.89,4125.17
10,Maheshpur OCP,2026-08-28,4009.23,3780.6
10,Maheshpur OCP,2026-08-29,4625.02,4133.58
10,Maheshpur OCP,2026-08-30,4234.44,3961.26
10,Maheshpur OCP,2026-08-31,4020.05,3719.87
10,Maheshpur OCP,2026-09-01,4034.93,3744.64
10,Maheshpur OCP,2026-09-02,4323.97,4064.5
10,Maheshpur OCP,2026-09-03,4143.12,3861.67
10,Maheshpur OCP,2026-09-04,4104.73,3848.88
10,Maheshpur OCP,2026-09-05,4428.66,4305.73
10,Maheshpur OCP,2026-09-06,4672.28,4358.73
10,Maheshpur OCP,2026-09-07,4383.01,4010.5
10,Maheshpur OCP,2026-09-08,3987.58,3779.02
10,Maheshpur OCP,2026-09-09,3890.32,3615.03
10,Maheshpur OCP,2026-09-10,4409.76,4168.14
10,Maheshpur OCP,2026-09-11,4382.38,4319.17
10,Maheshpur OCP,2026-09-12,4084.33,3667.62
10,Maheshpur OCP,2026-09-13,4148.71,3931.62
10,Maheshpur OCP,2026-09-14,4002.95,4000.14
10,Maheshpur OCP,2026-09-15,3896.46,3490.74
10,Maheshpur OCP,2026-09-16,4025.22,3771.67
10,Maheshpur OCP,2026-09-17,3500.46,3363.54
10,Maheshpur OCP,2026-09-18,4557.01,4195.29
10,Maheshpur OCP,2026-09-19,3810.77,3573.83
10,Maheshpur OCP,2026-09-20,4191.25,4010.86
10,Maheshpur OCP,2026-09-21,3598.76,3314.68
11,Shatabdi OCP,2026-06-01,4371.78,4012.6
11,Shatabdi OCP,2026-06-02,4462.57,4317.93
11,Shatabdi OCP,2026-06-03,4217.37,3944.22
11,Shatabdi OCP,2026-06-04,4173.83,3895.01
11,Shatabdi OCP,2026-06-05,4001.87,4000.09
11,Shatabdi OCP,2026-06-06,4548.55,4215.55
11,Shatabdi OCP,2026-06-07,3754.71,3407.4
11,Shatabdi OCP,2026-06-08,4065.81,3807.71
11,Shatabdi OCP,2026-06-09,3969.48,3615.78
11,Shatabdi OCP,2026-06-10,3960.05,3769.74
11,Shatabdi OCP,2026-06-11,4539.52,4257.41
11,Shatabdi OCP,2026-06-12,4155.75,3786.51
11,Shatabdi OCP,2026-06-13,3999.72,3746.54
11,Shatabdi OCP,2026-06-14,4291.71,4145.85
11,Shatabdi OCP,2026-06-15,4266.33,4041.9
11,Shatabdi OCP,2026-06-16,4456.64,4101.98
11,Shatabdi OCP,2026-06-17,4324.36,4185.06
11,Shatabdi OCP,2026-06-18,4168.98,3986.71
11,Shatabdi OCP,2026-06-19,4188.94,4120.47
11,Shatabdi OCP,2026-06-20,3737.75,3318.85
11,Shatabdi OCP,2026-06-21,4310.72,4046.1
11,Shatabdi OCP,2026-06-22,3927.38,3735.8
11,Shatabdi OCP,2026-06-23,4260.05,3994.41
11,Shatabdi OCP,2026-06-24,4663.99,4382.47
11,Shatabdi OCP,2026-06-25,4217.62,4056.47
11,Shatabdi OCP,2026-06-26,4091.79,3774.09
11,Shatabdi OCP,2026-06-27,4088.16,3836.73
11,Shatabdi OCP,2026-06-28,4298.07,3846.59
11,Shatabdi OCP,2026-06-29,4243.49,3829.07
11,Shatabdi OCP,2026-06-30,4386.48,3978.05
11,Shatabdi OCP,2026-07-01,4017.08,3737.78
11,Shatabdi OCP,2026-07-02,4139.17,3784.54
11,Shatabdi OCP,2026-07-03,4437.72,4125.22
11,Shatabdi OCP,2026-07-04,4463.01,4219.35
11,Shatabdi OCP,2026-07-05,4465.61,4064.03
11,Shatabdi OCP,2026-07-06,4403.25,4089.83
11,Shatabdi OCP,2026-07-07,4414.0,4203.4
11,Shatabdi OCP,2026-07-08,4259.51,3929.46
11,Shatabdi OCP,2026-07-09,3801.15,3453.69
11,Shatabdi OCP,2026-07-10,3825.35,3568.15
11,Shatabdi OCP,2026-07-11,4211.93,3985.0
11,Shatabdi OCP,2026-07-12,4224.77,3918.11
11,Shatabdi OCP,2026-07-13,3953.95,3597.15
11,Shatabdi OCP,2026-07-14,3970.75,3441.96
11,Shatabdi OCP,2026-07-15,4167.16,3984.29
11,Shatabdi OCP,2026-07-16,3904.7,3489.94
11,Shatabdi OCP,2026-07-17,4077.25,3913.63
11,Shatabdi OCP,2026-07-18,4456.11,4197.67
11,Shatabdi OCP,2026-07-19,4396.03,4002.47
11,Shatabdi OCP,2026-07-20,4282.34,3742.75
11,Shatabdi OCP,2026-07-21,3682.58,3464.37
11,Shatabdi OCP,2026-07-22,4123.21,3597.1
11,Shatabdi OCP,2026-07-23,4739.4,4310.53
11,Shatabdi OCP,2026-07-24,3961.76,3729.51
11,Shatabdi OCP,2026-07-25,3951.43,3729.77
11,Shatabdi OCP,2026-07-26,4647.81,4372.19
11,Shatabdi OCP,2026-07-27,4166.55,3789.11
11,Shatabdi OCP,2026-07-28,3700.94,3395.68
11,Shatabdi OCP,2026-07-29,3870.94,3600.38
11,Shatabdi OCP,2026-07-30,4024.07,3787.87
11,Shatabdi OCP,2026-07-31,4267.67,3945.55
11,Shatabdi OCP,2026-08-01,4134.05,3796.99
11,Shatabdi OCP,2026-08-02,3939.42,3571.26
11,Shatabdi OCP,2026-08-03,4138.14,3886.51
11,Shatabdi OCP,2026-08-04,3961.57,3685.71
11,Shatabdi OCP,2026-08-05,4761.19,4467.52
11,Shatabdi OCP,2026-08-06,3856.68,3464.8
11,Shatabdi OCP,2026-08-07,4058.42,3730.05
11,Shatabdi OCP,2026-08-08,4018.3,3590.22
11,Shatabdi OCP,2026-08-09,4022.77,3582.99
11,Shatabdi OCP,2026-08-10,3885.22,3614.51
11,Shatabdi OCP,2026-08-11,4620.0,4303.18
11,Shatabdi OCP,2026-08-12,4881.44,4608.35
11,Shatabdi OCP,2026-08-13,4277.11,3786.6
11,Shatabdi OCP,2026-08-14,3745.82,3609.6
11,Shatabdi OCP,2026-08-15,3961.35,3580.01
11,Shatabdi OCP,2026-08-16,3717.04,3357.34
11,Shatabdi OCP,2026-08-17,4358.01,3856.57
11,Shatabdi OCP,2026-08-18,4513.65,4177.24
11,Shatabdi OCP,2026-08-19,4607.74,4253.85
11,Shatabdi OCP,2026-08-20,4061.98,3876.44
11,Shatabdi OCP,2026-08-21,4029.19,3733.2
11,Shatabdi OCP,2026-08-22,4252.51,4166.03
11,Shatabdi OCP,2026-08-23,4134.13,3831.27
11,Shatabdi OCP,2026-08-24,4364.26,3901.58
11,Shatabdi OCP,2026-08-25,4255.7,4046.65
11,Shatabdi OCP,2026-08-26,3654.58,3285.88
11,Shatabdi OCP,2026-08-27,3939.27,3552.59
11,Shatabdi OCP,2026-08-28,4619.23,4473.63
11,Shatabdi OCP,2026-08-29,4366.17,3936.91
11,Shatabdi OCP,2026-08-30,4505.71,4415.35
11,Shatabdi OCP,2026-08-31,3943.9,3771.92
11,Shatabdi OCP,2026-09-01,4357.04,4015.71
11,Shatabdi OCP,2026-09-02,3390.63,3120.72
11,Shatabdi OCP,2026-09-03,4440.22,4125.42
11,Shatabdi OCP,2026-09-04,4243.88,3980.38
11,Shatabdi OCP,2026-09-05,3882.32,3584.02
11,Shatabdi OCP,2026-09-06,4215.63,3854.1
11,Shatabdi OCP,2026-09-07,4408.95,4100.36
11,Shatabdi OCP,2026-09-08,4528.47,4265.96
11,Shatabdi OCP,2026-09-09,3766.79,3419.09
11,Shatabdi OCP,2026-09-10,4237.91,3888.22
11,Shatabdi OCP,2026-09-11,3820.66,3341.58
11,Shatabdi OCP,2026-09-12,4413.15,4141.95
11,Shatabdi OCP,2026-09-13,3919.36,3511.65
11,Shatabdi OCP,2026-09-14,3869.47,3343.33
11,Shatabdi OCP,2026-09-15,4016.04,3543.99
11,Shatabdi OCP,2026-09-16,4144.66,3686.58
11,Shatabdi OCP,2026-09-17,3979.54,3677.66
11,Shatabdi OCP,2026-09-18,4441.42,4075.22
11,Shatabdi OCP,2026-09-19,4530.23,4278.98
11,Shatabdi OCP,2026-09-20,4225.44,3800.6
11,Shatabdi OCP,2026-09-21,3988.42,3631.17
12,Eastern UG,2026-06-01,4134.25,3813.66
12,Eastern UG,2026-06-02,4225.37,4004.19
12,Eastern UG,2026-06-03,4121.79,3807.3
12,Eastern UG,2026-06-04,4169.18,3711.91
12,Eastern UG,2026-06-05,4502.99,4173.99
12,Eastern UG,2026-06-06,3971.06,3753.46
12,Eastern UG,2026-06-07,4792.14,4593.13
12,Eastern UG,2026-06-08,4234.16,3898.06
12,Eastern UG,2026-06-09,4106.6,3906.82
12,Eastern UG,2026-06-10,3964.53,3719.18
12,Eastern UG,2026-06-11,3987.15,3554.38
12,Eastern UG,2026-06-12,4197.26,3949.64
12,Eastern UG,2026-06-13,4232.09,3865.29
12,Eastern UG,2026-06-14,4096.61,3706.42
12,Eastern UG,2026-06-15,3818.66,3401.53
12,Eastern UG,2026-06-16,4197.31,3902.12
12,Eastern UG,2026-06-17,3992.1,3814.88
12,Eastern UG,2026-06-18,3700.0,3476.28
12,Eastern UG,2026-06-19,4376.3,4172.43
12,Eastern UG,2026-06-20,3735.47,3526.37
12,Eastern UG,2026-06-21,4084.55,3819.1
12,Eastern UG,2026-06-22,4161.33,3758.07
12,Eastern UG,2026-06-23,4574.78,4074.23
12,Eastern UG,2026-06-24,3712.53,3498.12
12,Eastern UG,2026-06-25,4409.55,4154.95
12,Eastern UG,2026-06-26,4458.24,4137.52
12,Eastern UG,2026-06-27,4673.76,4269.49
12,Eastern UG,2026-06-28,4518.3,4259.49
12,Eastern UG,2026-06-29,4170.76,3901.29
12,Eastern UG,2026-06-30,3748.23,3301.06
12,Eastern UG,2026-07-01,4423.62,4158.12
12,Eastern UG,2026-07-02,4591.38,4354.41
12,Eastern UG,2026-07-03,3648.56,3247.82
12,Eastern UG,2026-07-04,3816.43,3536.01
12,Eastern UG,2026-07-05,4261.84,3923.29
12,Eastern UG,2026-07-06,4454.52,4096.44
12,Eastern UG,2026-07-07,4364.97,4144.04
12,Eastern UG,2026-07-08,4288.27,4138.83
12,Eastern UG,2026-07-09,4668.64,4508.9
12,Eastern UG,2026-07-10,4096.07,3927.96
12,Eastern UG,2026-07-11,3980.95,3679.61
12,Eastern UG,2026-07-12,4041.37,3626.95
12,Eastern UG,2026-07-13,4268.07,4014.36
12,Eastern UG,2026-07-14,4159.93,3737.96
12,Eastern UG,2026-07-15,4472.66,4286.54
12,Eastern UG,2026-07-16,3995.8,3648.33
12,Eastern UG,2026-07-17,4306.01,4111.05
12,Eastern UG,2026-07-18,4424.74,4213.83
12,Eastern UG,2026-07-19,4591.15,4238.2
12,Eastern UG,2026-07-20,3860.42,3613.33
12,Eastern UG,2026-07-21,4036.06,3720.07
12,Eastern UG,2026-07-22,4138.81,3953.36
12,Eastern UG,2026-07-23,3781.72,3426.82
12,Eastern UG,2026-07-24,4285.87,3975.32
12,Eastern UG,2026-07-25,4281.22,4043.11
12,Eastern UG,2026-07-26,4255.2,3701.35
12,Eastern UG,2026-07-27,4552.37,4281.21
12,Eastern UG,2026-07-28,4042.99,4029.03
12,Eastern UG,2026-07-29,4520.61,4141.95
12,Eastern UG,2026-07-30,4036.85,3880.02
12,Eastern UG,2026-07-31,3853.42,3508.98
12,Eastern UG,2026-08-01,4173.2,3804.04
12,Eastern UG,2026-08-02,4225.93,3829.26
12,Eastern UG,2026-08-03,4310.87,3927.99
12,Eastern UG,2026-08-04,3573.09,3396.53
12,Eastern UG,2026-08-05,4090.69,3682.74
12,Eastern UG,2026-08-06,4764.16,4480.58
12,Eastern UG,2026-08-07,4016.53,3912.02
12,Eastern UG,2026-08-08,4459.07,4214.09
12,Eastern UG,2026-08-09,5087.5,4861.44
12,Eastern UG,2026-08-10,4831.58,4456.75
12,Eastern UG,2026-08-11,3891.52,3568.31
12,Eastern UG,2026-08-12,4431.41,4153.94
12,Eastern UG,2026-08-13,4451.39,4069.8
12,Eastern UG,2026-08-14,4378.9,4080.55
12,Eastern UG,2026-08-15,3847.52,3555.2
12,Eastern UG,2026-08-16,4252.82,4140.42
12,Eastern UG,2026-08-17,4250.77,3960.45
12,Eastern UG,2026-08-18,3811.01,3544.31
12,Eastern UG,2026-08-19,4106.45,3613.44
12,Eastern UG,2026-08-20,4266.04,3862.43
12,Eastern UG,2026-08-21,4164.66,4052.05
12,Eastern UG,2026-08-22,4401.7,4167.52
12,Eastern UG,2026-08-23,4099.32,3904.62
12,Eastern UG,2026-08-24,4221.83,3815.31
12,Eastern UG,2026-08-25,4479.82,4021.2
12,Eastern UG,2026-08-26,4718.39,4622.98
12,Eastern UG,2026-08-27,3841.91,3722.73
12,Eastern UG,2026-08-28,4389.58,4158.89
12,Eastern UG,2026-08-29,4053.25,3774.91
12,Eastern UG,2026-08-30,4314.77,4163.3
12,Eastern UG,2026-08-31,3822.34,3522.21
12,Eastern UG,2026-09-01,4559.62,4262.16
12,Eastern UG,2026-09-02,3962.5,3877.32
12,Eastern UG,2026-09-03,4485.8,4259.4
12,Eastern UG,2026-09-04,3855.77,3727.3
12,Eastern UG,2026-09-05,3768.27,3564.39
12,Eastern UG,2026-09-06,4128.35,3949.22
12,Eastern UG,2026-09-07,4255.71,3980.36
12,Eastern UG,2026-09-08,4866.6,4737.04
12,Eastern UG,2026-09-09,4248.44,3931.04
12,Eastern UG,2026-09-10,3890.83,3581.31
12,Eastern UG,2026-09-11,4430.88,4121.23
12,Eastern UG,2026-09-12,4615.34,4533.11
12,Eastern UG,2026-09-13,3947.33,3499.82
12,Eastern UG,2026-09-14,4473.61,4119.56
12,Eastern UG,2026-09-15,4569.96,4461.62
12,Eastern UG,2026-09-16,4438.68,4032.25
12,Eastern UG,2026-09-17,4002.39,3439.47
12,Eastern UG,2026-09-18,4258.9,4178.18
12,Eastern UG,2026-09-19,4314.38,4086.37
12,Eastern UG,2026-09-20,4549.5,4194.7
12,Eastern UG,2026-09-21,4020.62,3570.38
